{"repoSenseVersion":"987bc86b93","reportGeneratedTime":"Fri, 18 Jul 2025 05:04:10 UTC","reportGenerationTime":" 0.93 second(s)","zoneId":"Etc/UTC","reportTitle":"RepoSense Report","repos":[{"location":{"location":"https://github.com/gekjunxu/ip.git","repoName":"ip","organization":"gekjunxu","domainName":"github"},"branch":"master","displayName":"gekjunxu/ip[master]","outputFolderName":"gekjunxu_ip_master","sinceDate":"2025-01-01T00:00:00","untilDate":"2025-07-18T23:59:59"}],"errorSet":[],"sinceDate":"2025-01-01T00:00:00","untilDate":"2025-07-18T23:59:59","isSinceDateProvided":true,"isUntilDateProvided":false,"supportedDomainUrlMap":{"NOT_RECOGNIZED":{"BRANCH":"","REPO_URL":"UNSUPPORTED","BASE_URL":"UNSUPPORTED","HISTORY_PATH":"","COMMIT_PATH":"","BLAME_PATH":""},"github":{"BRANCH":"tree/$BRANCH","REPO_URL":"https://github.com/$ORGANIZATION/$REPO_NAME/","BASE_URL":"https://github.com/","HISTORY_PATH":"commits/$BRANCH/$FILE_PATH","COMMIT_PATH":"commit/$COMMIT_HASH","BLAME_PATH":"blame/$BRANCH/$FILE_PATH"}},"isAuthorshipAnalyzed":false,"repoBlurbs":{"blurbMap":{}},"authorBlurbs":{"blurbMap":{}},"chartBlurbs":{"blurbMap":{"https://github.com/gekjunxu/ip/tree/master|gekjunxu":"This is a chart blurb testing"}},"isPortfolio":false}
