{"repoSenseVersion":"524076bfc5","reportGeneratedTime":"Sat, 19 Jul 2025 06:42:02 UTC","reportGenerationTime":" 1.23 second(s)","zoneId":"Etc/UTC","reportTitle":"RepoSense Report","repos":[{"location":{"location":"https://github.com/gekjunxu/ip.git","repoName":"ip","organization":"gekjunxu","domainName":"github"},"branch":"master","displayName":"gekjunxu/ip[master]","outputFolderName":"gekjunxu_ip_master","sinceDate":"2025-01-01T00:00:00","untilDate":"2025-07-19T23:59:59"}],"errorSet":[],"sinceDate":"2025-01-01T00:00:00","untilDate":"2025-07-19T23:59:59","isSinceDateProvided":false,"isUntilDateProvided":false,"supportedDomainUrlMap":{"NOT_RECOGNIZED":{"BRANCH":"","REPO_URL":"UNSUPPORTED","BASE_URL":"UNSUPPORTED","HISTORY_PATH":"","COMMIT_PATH":"","BLAME_PATH":""},"github":{"BRANCH":"tree/$BRANCH","REPO_URL":"https://github.com/$ORGANIZATION/$REPO_NAME/","BASE_URL":"https://github.com/","HISTORY_PATH":"commits/$BRANCH/$FILE_PATH","COMMIT_PATH":"commit/$COMMIT_HASH","BLAME_PATH":"blame/$BRANCH/$FILE_PATH"}},"isAuthorshipAnalyzed":false,"repoBlurbs":{"blurbMap":{"https://github.com/gekjunxu/ip/tree/master":"Testing repo-blurbs.md 1"}},"authorBlurbs":{"blurbMap":{"":"","gekjunxu":"Test author-blurb.md"}},"chartBlurbs":{"blurbMap":{"https://github.com/gekjunxu/ip/tree/master|gekjunxu":"Testing chart-blurbs.md"}},"isPortfolio":false}
