{"authorDailyContributionsMap":{"gekjunxu":[{"date":"2025-01-21T00:00:00","commitResults":[{"hash":"5e2c6604bd2fcc1388d57d502858c158232195fc","isMergeCommit":false,"messageTitle":"Changed name to Bob","messageBody":"","fileTypesAndContributionMap":{"java":{"insertions":0,"deletions":0}}},{"hash":"9fc299b1b2484095f0baf49b92877509e66a40cc","isMergeCommit":false,"messageTitle":"Changed name to Bob","messageBody":"","fileTypesAndContributionMap":{"java":{"insertions":13,"deletions":10}}},{"hash":"708f34bebe315377eab9d7f2e87a2ed22c844269","isMergeCommit":false,"messageTitle":"Revert \"Changed name to Bob\"","messageBody":"This reverts commit 5e2c6604bd2fcc1388d57d502858c158232195fc.\n","fileTypesAndContributionMap":{"java":{"insertions":0,"deletions":0}}},{"hash":"9fa1b2bbaeea0042fb430b719a4e4bbe33852249","isMergeCommit":true,"messageTitle":"Merge remote-tracking branch \u0027origin/master\u0027","messageBody":"","fileTypesAndContributionMap":{}},{"hash":"44e39729f78ffb6a6770a6c6eeae9b0fb17e079d","isMergeCommit":false,"messageTitle":"Merge branch \u0027master\u0027 of https://github.com/gekjunxu/ip","messageBody":"# Conflicts:\n#\tsrc/main/java/Bob.java\n","fileTypesAndContributionMap":{"java":{"insertions":0,"deletions":13}}},{"hash":"4328b6797aa13c2cb3f50cc1894623670019bb32","isMergeCommit":false,"messageTitle":"Change name to bob again","messageBody":"","tags":["Level-0"],"fileTypesAndContributionMap":{"java":{"insertions":13,"deletions":0},"bat":{"insertions":1,"deletions":1},"md":{"insertions":3,"deletions":3}}}]},{"date":"2025-01-22T00:00:00","commitResults":[{"hash":"36f72b5d5f850d08dc2dbd4702308a30089f4084","isMergeCommit":false,"messageTitle":"Added echo function","messageBody":"","tags":["Level-1"],"fileTypesAndContributionMap":{"java":{"insertions":17,"deletions":9}}},{"hash":"24315c0cbd8a2bb3d35c8d08ff05623a3c03f761","isMergeCommit":false,"messageTitle":"Added add and list feature","messageBody":"","tags":["Level-2"],"fileTypesAndContributionMap":{"java":{"insertions":26,"deletions":2}}}]},{"date":"2025-01-23T00:00:00","commitResults":[{"hash":"8d73854b1bdcce80a1f405575d062f14eb54f8dc","isMergeCommit":false,"messageTitle":"Add the ability to mark tasks as done, added Task class","messageBody":"","tags":["Level-3"],"fileTypesAndContributionMap":{"java":{"insertions":57,"deletions":9}}},{"hash":"e782a24c3182b9e702c6a40df54f8173e63b837a","isMergeCommit":false,"messageTitle":"Added deadline processing","messageBody":"","fileTypesAndContributionMap":{"java":{"insertions":42,"deletions":12}}},{"hash":"76f6ebe70c6c281e39957b94564c513c01cf1cbd","isMergeCommit":false,"messageTitle":"Added todo, event support, level 4","messageBody":"","tags":["Level-4"],"fileTypesAndContributionMap":{"java":{"insertions":52,"deletions":7}}},{"hash":"0038293dfdd11a314b3d4c063f7bc6bf3607e7f0","isMergeCommit":false,"messageTitle":"Added pause so test does not auto quit after testing","messageBody":"","fileTypesAndContributionMap":{"bat":{"insertions":2,"deletions":0}}},{"hash":"8eb01d0a163b5893e3b58e616b5d372d8c4d0f93","isMergeCommit":false,"messageTitle":"added tests, and expected output","messageBody":"","tags":["A-TextUiTesting"],"fileTypesAndContributionMap":{"TXT":{"insertions":37,"deletions":6},"txt":{"insertions":6,"deletions":0}}}]},{"date":"2025-01-24T00:00:00","commitResults":[{"hash":"b02ca52b285bfaea85e321c5b99884fa0848a6c6","isMergeCommit":false,"messageTitle":"Added error handling, BobException class to handle invalid inputs","messageBody":"","tags":["Level-5"],"fileTypesAndContributionMap":{"java":{"insertions":120,"deletions":74}}},{"hash":"2367e48fd84dd0449b7b79e1a336d94e79549855","isMergeCommit":false,"messageTitle":"Moved list declaration outside try branch","messageBody":"","fileTypesAndContributionMap":{"java":{"insertions":3,"deletions":3}}},{"hash":"64047fdb41e2ee64102fd146f33eaff6c5f4a219","isMergeCommit":false,"messageTitle":"Added delete function","messageBody":"","tags":["Level-6"],"fileTypesAndContributionMap":{"java":{"insertions":19,"deletions":1}}},{"hash":"402180b9feead831933734b33ae272a2c81f539b","isMergeCommit":false,"messageTitle":"update exception throwing to include detecting if argument is not a number","messageBody":"","fileTypesAndContributionMap":{"java":{"insertions":3,"deletions":3}}},{"hash":"500919da375dca0f0114a9356c5ed76d578594ce","isMergeCommit":false,"messageTitle":"Update exception handling to include incorrect number of arguments","messageBody":"","fileTypesAndContributionMap":{"java":{"insertions":5,"deletions":3}}}]},{"date":"2025-01-29T00:00:00","commitResults":[{"hash":"0645c8b3bc06e3b9beff216da80ae8f909579f13","isMergeCommit":false,"messageTitle":"Update event input parsing","messageBody":"","fileTypesAndContributionMap":{"java":{"insertions":1,"deletions":1}}},{"hash":"581a17428b3b8c9be5134682c324322ff334620e","isMergeCommit":false,"messageTitle":"Add space when printing end time of event","messageBody":"","fileTypesAndContributionMap":{"java":{"insertions":1,"deletions":1}}},{"hash":"b160976f79220a63d54102df8c6ce9b7e0051e04","isMergeCommit":false,"messageTitle":"Add feature to save to and read tasks from disk","messageBody":"","fileTypesAndContributionMap":{"java":{"insertions":58,"deletions":12}}},{"hash":"5096af780ac448fd032b703a15d59cf6fca23ecb","isMergeCommit":true,"messageTitle":"Merge branch \u0027branch-Level-7\u0027","messageBody":"","tags":["Level-7"],"fileTypesAndContributionMap":{}}]},{"date":"2025-01-30T00:00:00","commitResults":[{"hash":"da9393e454be22a8949d8c1f45433b2ed6b7d2a7","isMergeCommit":false,"messageTitle":"Add time and date parsing support for deadline tasks","messageBody":"","fileTypesAndContributionMap":{"java":{"insertions":115,"deletions":9}}},{"hash":"4333933c6e296ef93a2e8e746df557038c0bb599","isMergeCommit":false,"messageTitle":"Add date / time interpretation support for Event tasks","messageBody":"","fileTypesAndContributionMap":{"java":{"insertions":27,"deletions":8}}},{"hash":"6e50f149d9db82107287baa67fa309d6dc947c9c","isMergeCommit":true,"messageTitle":"Merge branch \u0027branch-Level-8\u0027","messageBody":"","tags":["Level-8"],"fileTypesAndContributionMap":{}},{"hash":"a080760f1cc2936b146f26d3f75593217fc44881","isMergeCommit":false,"messageTitle":"Add Ui class for more OOP","messageBody":"","fileTypesAndContributionMap":{"java":{"insertions":73,"deletions":21}}},{"hash":"f9f13346cd16f756184ba9104868e38a3c35d49a","isMergeCommit":false,"messageTitle":"Add more error handling cases","messageBody":"","fileTypesAndContributionMap":{"java":{"insertions":5,"deletions":0}}},{"hash":"cff16b6c50331360824784a203a580c6b82000aa","isMergeCommit":false,"messageTitle":"Add testcases","messageBody":"","fileTypesAndContributionMap":{"txt":{"insertions":24,"deletions":3}}},{"hash":"5124461dff644e06b40e5234b7025af73e436ccb","isMergeCommit":false,"messageTitle":"Update script to point to correct file","messageBody":"","fileTypesAndContributionMap":{"sh":{"insertions":1,"deletions":1}}},{"hash":"f5f6a3fd929056709be56457386ca347d0245ced","isMergeCommit":false,"messageTitle":"Fix issue that causes test script to throw exception","messageBody":"","fileTypesAndContributionMap":{"java":{"insertions":3,"deletions":2}}},{"hash":"3c3bf66c072ef7e64052964e13a935d479bb6567","isMergeCommit":false,"messageTitle":"Update test script to delete saved file before each run","messageBody":"","fileTypesAndContributionMap":{"TXT":{"insertions":75,"deletions":10},"txt":{"insertions":0,"deletions":1},"bat":{"insertions":2,"deletions":0}}},{"hash":"55be63198ceeffc01c8615ad35f374a00839d147","isMergeCommit":false,"messageTitle":"Add parser and storage classes for more OOP","messageBody":"","fileTypesAndContributionMap":{"java":{"insertions":237,"deletions":189}}},{"hash":"0e4a78b94bb40f01faa1b2e664a3b1d1d223393f","isMergeCommit":false,"messageTitle":"Add tasklist class","messageBody":"","fileTypesAndContributionMap":{"java":{"insertions":82,"deletions":29}}},{"hash":"3589a5dc94df209d85ef835de2b6bfce80aad4b3","isMergeCommit":true,"messageTitle":"Merge branch \u0027branch-A-MoreOOP\u0027","messageBody":"","tags":["A-MoreOOP"],"fileTypesAndContributionMap":{}}]},{"date":"2025-01-31T00:00:00","commitResults":[{"hash":"c74a155f2af9d58fd5ba0a17ae77da766025871e","isMergeCommit":false,"messageTitle":"Add bob package","messageBody":"","fileTypesAndContributionMap":{"java":{"insertions":22,"deletions":3},"bat":{"insertions":2,"deletions":2}}},{"hash":"ccd17ba394a542c94855876deb8f1afe81b14526","isMergeCommit":false,"messageTitle":"Add packages: storage, command, exception, task, ui","messageBody":"","fileTypesAndContributionMap":{"java":{"insertions":30,"deletions":13}}},{"hash":"09ef5a3314e0fa6600ac3aa8a5d9810c739a118e","isMergeCommit":false,"messageTitle":"Update test script","messageBody":"","fileTypesAndContributionMap":{"bat":{"insertions":2,"deletions":1}}},{"hash":"a0dd7817d9516e5befebf7c8e02d15f3c4d51fed","isMergeCommit":true,"messageTitle":"Merge branch \u0027branch-A-Packages\u0027","messageBody":"","tags":["A-Packages"],"fileTypesAndContributionMap":{}},{"hash":"d5a724266aee178974eeabde354a7e6bbdb3aca0","isMergeCommit":true,"messageTitle":"Merge remote-tracking branch \u0027origin/add-gradle-support\u0027","messageBody":"","fileTypesAndContributionMap":{}},{"hash":"4572ea1a3eb564935be23d6d20b35589c7c0ed68","isMergeCommit":false,"messageTitle":"Add natty date parser dependency","messageBody":"","tags":["A-Gradle"],"fileTypesAndContributionMap":{"gradle":{"insertions":1,"deletions":0}}},{"hash":"f111ab37e60ecd14a9fa36b8d7fb682dcf19c604","isMergeCommit":false,"messageTitle":"Add JUnit dependency","messageBody":"","fileTypesAndContributionMap":{"gradle":{"insertions":2,"deletions":0}}},{"hash":"e296477f842ab1a9670efa2295ab7816c3364ec9","isMergeCommit":false,"messageTitle":"Add test for deadline and todo task","messageBody":"","fileTypesAndContributionMap":{"java":{"insertions":91,"deletions":0}}},{"hash":"78a92338ce7f6d02910b6ae013ac003b6c068797","isMergeCommit":false,"messageTitle":"Add parsertest","messageBody":"","fileTypesAndContributionMap":{"java":{"insertions":60,"deletions":0}}},{"hash":"a1e03e82c9e3fdab10b8752b87af7ed1ead69a26","isMergeCommit":false,"messageTitle":"Add test for parseDate","messageBody":"","tags":["A-Jar","A-JUnit"],"fileTypesAndContributionMap":{"java":{"insertions":49,"deletions":3}}},{"hash":"01494064a25a18313521b280d23d35f68e32c6b6","isMergeCommit":false,"messageTitle":"Edit formatting","messageBody":"","fileTypesAndContributionMap":{"java":{"insertions":14,"deletions":11}}},{"hash":"d8da4101f6dc2f7e84b7ed6530e9a70dfb63e35f","isMergeCommit":false,"messageTitle":"Add some docs for parseTask","messageBody":"","fileTypesAndContributionMap":{"java":{"insertions":7,"deletions":0}}}]},{"date":"2025-02-01T00:00:00","commitResults":[{"hash":"fd26b1d2cd827e3629907815afcfe244a6fcfbfd","isMergeCommit":false,"messageTitle":"Add JavaDocs","messageBody":"","tags":["A-JavaDoc"],"fileTypesAndContributionMap":{"java":{"insertions":222,"deletions":12}}},{"hash":"99ec48a1e0d77debf51e94e29705783aa08c679c","isMergeCommit":true,"messageTitle":"Merge branch \u0027branch-A-CodingStandard\u0027","messageBody":"","tags":["A-CodingStandard"],"fileTypesAndContributionMap":{}},{"hash":"c88e649ea7ddf9923daaaf8239b6d746ad44950f","isMergeCommit":false,"messageTitle":"Update formatting","messageBody":"","fileTypesAndContributionMap":{"java":{"insertions":3,"deletions":3}}},{"hash":"d0bb6bf0ddd889c945852ef378f6fe8c0a2de9a4","isMergeCommit":false,"messageTitle":"Update formatting","messageBody":"","fileTypesAndContributionMap":{"java":{"insertions":6,"deletions":6}}},{"hash":"798a0058afffc3de58e0fcf9392b42531ad3f175","isMergeCommit":false,"messageTitle":"Update listTasks","messageBody":"","fileTypesAndContributionMap":{"java":{"insertions":4,"deletions":0}}},{"hash":"dfa15f9cfa5412335a1b478d8f1f2e249fb17948","isMergeCommit":false,"messageTitle":"Add find feature","messageBody":"","fileTypesAndContributionMap":{"java":{"insertions":25,"deletions":5}}},{"hash":"cd3cd3103d561f6fa1e32fa59279c2355c7597fb","isMergeCommit":false,"messageTitle":"Update found function printout","messageBody":"","fileTypesAndContributionMap":{"java":{"insertions":10,"deletions":0}}},{"hash":"d887cf0aef650d01b80700d58ec26d569755858b","isMergeCommit":false,"messageTitle":"Update test to include testing found function","messageBody":"","fileTypesAndContributionMap":{"TXT":{"insertions":8,"deletions":0},"txt":{"insertions":2,"deletions":0}}},{"hash":"2300fb679690925329bc3aad84c33a3303e0691b","isMergeCommit":true,"messageTitle":"Merge branch \u0027branch-Level-9\u0027","messageBody":"","tags":["Level-9"],"fileTypesAndContributionMap":{}}]},{"date":"2025-02-05T00:00:00","commitResults":[{"hash":"1504768f84ec8fc615c5b9ad6873d1236756d759","isMergeCommit":false,"messageTitle":"Update formatting","messageBody":"","fileTypesAndContributionMap":{"java":{"insertions":1,"deletions":0}}}]},{"date":"2025-02-06T00:00:00","commitResults":[{"hash":"8e55a56aecb821f24d1099b2132f3bdebe0aa2b2","isMergeCommit":false,"messageTitle":"Add checkstyle","messageBody":"","fileTypesAndContributionMap":{"gradle":{"insertions":5,"deletions":0},"xml":{"insertions":444,"deletions":0}}},{"hash":"72c3d4c377f175334a0aef424b9072b2813d36aa","isMergeCommit":false,"messageTitle":"Adjust indentations and formatting for checkstyle","messageBody":"","fileTypesAndContributionMap":{"java":{"insertions":60,"deletions":46}}},{"hash":"4af95b9a8a9aaff2d39817510f1590a4728141e0","isMergeCommit":true,"messageTitle":"Merge branch \u0027branch-A-CheckStyle\u0027","messageBody":"","tags":["A-CheckStyle"],"fileTypesAndContributionMap":{}}]},{"date":"2025-02-07T00:00:00","commitResults":[{"hash":"e7281110df336d488b944a572248fd7b3bdba8ae","isMergeCommit":false,"messageTitle":"Add JavaFX in gradle file","messageBody":"","fileTypesAndContributionMap":{"gradle":{"insertions":15,"deletions":0}}},{"hash":"4337cae1ee10407ce28970f404d1c9f33d4c948c","isMergeCommit":false,"messageTitle":"Increment to JavaFX tutorial part 2","messageBody":"","fileTypesAndContributionMap":{"gradle":{"insertions":1,"deletions":1},"java":{"insertions":119,"deletions":0}}},{"hash":"78fdafadef20373be5ba49c9aa1f8ddd66611f60","isMergeCommit":false,"messageTitle":"Increment to JavaFX part 3 iteration 1","messageBody":"","fileTypesAndContributionMap":{"java":{"insertions":21,"deletions":4}}},{"hash":"1359f5a59569b82eea9ddfbb456e23f55a4ef492","isMergeCommit":false,"messageTitle":"Increment to JavaFX Part 3 Iteration 2","messageBody":"","fileTypesAndContributionMap":{"java":{"insertions":23,"deletions":2}}},{"hash":"8ae63607075a58a354211347ebf1484dde93461b","isMergeCommit":false,"messageTitle":"Increment to JavaFX Part 3 iteration 3","messageBody":"","fileTypesAndContributionMap":{"java":{"insertions":26,"deletions":2}}}]},{"date":"2025-02-08T00:00:00","commitResults":[{"hash":"9435f246f0d5b48321b22d98e5e7cc94b5d380c4","isMergeCommit":false,"messageTitle":"Add most of the bot logic into GUI","messageBody":"The program closure logic when user types \u0027bye\u0027 and the initial file creation message for GUI is pending implementation\n","fileTypesAndContributionMap":{"fxml":{"insertions":66,"deletions":0},"java":{"insertions":288,"deletions":346}}},{"hash":"2071a74d75209e4a2e0bb6a7cf57ec4bdeb45d52","isMergeCommit":false,"messageTitle":"Implement datafile message and welcome message","messageBody":"","fileTypesAndContributionMap":{"java":{"insertions":16,"deletions":9}}},{"hash":"13ca5ad0dab097e6f4cc49a019f5e169bf3d0d61","isMergeCommit":false,"messageTitle":"Add feature to auto close when user types bye","messageBody":"","fileTypesAndContributionMap":{"java":{"insertions":25,"deletions":10}}},{"hash":"cf6f42b75228c09ad066dca4874c16e344f25271","isMergeCommit":false,"messageTitle":"Enable window resizing","messageBody":"","fileTypesAndContributionMap":{"fxml":{"insertions":5,"deletions":30}}},{"hash":"532986af1015e81e398315e014968c0900be0d76","isMergeCommit":false,"messageTitle":"Add CSS styling","messageBody":"","fileTypesAndContributionMap":{"fxml":{"insertions":13,"deletions":10},"css":{"insertions":72,"deletions":0},"java":{"insertions":30,"deletions":9}}},{"hash":"8814c33c8b320000d04e2d1d62dd51072281dddc","isMergeCommit":true,"messageTitle":"Merge branch \u0027branch-Level10\u0027","messageBody":"","tags":["Level-10"],"fileTypesAndContributionMap":{}},{"hash":"744b0cae749585eb9afda2760795a47610ea642b","isMergeCommit":false,"messageTitle":"Change import order","messageBody":"","fileTypesAndContributionMap":{"java":{"insertions":5,"deletions":3}}}]},{"date":"2025-02-11T00:00:00","commitResults":[{"hash":"6086c08f34069c2e7a26122c363f08e996cebeb9","isMergeCommit":false,"messageTitle":"Update gradle build name","messageBody":"","fileTypesAndContributionMap":{"gradle":{"insertions":1,"deletions":1}}},{"hash":"ec76aedcd57d3702fcc298d91b8be9c2eb8fbad5","isMergeCommit":false,"messageTitle":"Enable assertions","messageBody":"","fileTypesAndContributionMap":{"gradle":{"insertions":1,"deletions":0}}},{"hash":"e5afeda10468ba15ddf759b43266509baebb0827","isMergeCommit":false,"messageTitle":"Add assertions","messageBody":"The code does not contain any assertions.\n\nAssertions allow the runtime to detect assumptions about the program state, and potentially catch bugs.\n\nLet\u0027s add assertions in constructors and methods.\n","fileTypesAndContributionMap":{"java":{"insertions":12,"deletions":7}}},{"hash":"190a8a5f04a18f322e7422c44b58b13ed0172bb8","isMergeCommit":false,"messageTitle":"Simplify printout message calling logic","messageBody":"The current implementation results in multiple duplicated code lines.\n\nLet\u0027s change printAddedTaskMessage() in Ui class to take in the task toString\nand the number of tasks in the list, we reduce the frequency where we call\nprintNumOfItemsInList directly, instead having printAddedTaskMessage method handle it.\n","tags":["A-FullCommitMessage"],"fileTypesAndContributionMap":{"java":{"insertions":17,"deletions":19}}},{"hash":"6e233dbd81a33b98e899cc29f138655be93f0aa3","isMergeCommit":false,"messageTitle":"Extract methods to improve readability","messageBody":"The current program logic is nested inside the switch block for each of the commands.\n\nLet\u0027s extract out the methods for each command.\n","fileTypesAndContributionMap":{"java":{"insertions":153,"deletions":123}}}]},{"date":"2025-02-12T00:00:00","commitResults":[{"hash":"3045eac07310d5a827324cbd07771782de68eef8","isMergeCommit":false,"messageTitle":"Remove unused dependencies","messageBody":"The natty dependency was originally included for future addition for enhanced date parsing.\n\nHowever it is not planned for impementation anytime soon, let\u0027s remove unused dependencies in the meantime.\n","fileTypesAndContributionMap":{"gradle":{"insertions":0,"deletions":2}}},{"hash":"5d71d75db2313cd9eb8e9d3fabaa97db42ce4029","isMergeCommit":false,"messageTitle":"Extract methods for code quality","messageBody":"The bye command was originally not extracted.\n\nTo adhere to SLAP principle, let\u0027s abstract out that part of code into a new method as well.\n","fileTypesAndContributionMap":{"java":{"insertions":10,"deletions":6}}},{"hash":"84070fa1733ffdb193d52f9fdb65b1f0880ed7d0","isMergeCommit":false,"messageTitle":"Extract methods from parser","messageBody":"","fileTypesAndContributionMap":{"java":{"insertions":43,"deletions":34}}},{"hash":"90239c1f5a059d399de48ac5673c59e264300160","isMergeCommit":false,"messageTitle":"Add javadocs to extracted methods","messageBody":"","fileTypesAndContributionMap":{"java":{"insertions":81,"deletions":5}}},{"hash":"27d9fba4c9fbf6273ddb586f1add7e55443a7007","isMergeCommit":true,"messageTitle":"Merge pull request #1 from gekjunxu/branch-A-Assertions","messageBody":"Merge Branch A-Assertions","tags":["A-Assertions"],"fileTypesAndContributionMap":{}},{"hash":"4fc15c1cae1988cce6b7f944a1875ad3da4bbde4","isMergeCommit":true,"messageTitle":"Merge pull request #2 from gekjunxu/branch-A-CodeQuality","messageBody":"Branch a code quality","tags":["A-CodeQuality"],"fileTypesAndContributionMap":{}},{"hash":"7b5f34a81c9f2f371b25c5112e64be13896f5d97","isMergeCommit":false,"messageTitle":"Set up CI","messageBody":"","tags":["A-CI"],"fileTypesAndContributionMap":{"yml":{"insertions":50,"deletions":0}}},{"hash":"32c4d0bf1fae4e858bea68d0069658e380a4a3be","isMergeCommit":false,"messageTitle":"Replace dependency that was inadvertenly removed","messageBody":"","fileTypesAndContributionMap":{"gradle":{"insertions":1,"deletions":0}}},{"hash":"984e40547f5f3ca135020dfb74f24db31e4df7a2","isMergeCommit":false,"messageTitle":"Remove text ui tests","messageBody":"The text ui tests were suited for a CLI interface, and the chatbot has now been updated to a GUI version.\n\nLet\u0027s remove the text-ui-test as it is no longer relevant.\n","fileTypesAndContributionMap":{"TXT":{"insertions":0,"deletions":111},"txt":{"insertions":0,"deletions":28},"bat":{"insertions":0,"deletions":26},"sh":{"insertions":0,"deletions":38}}},{"hash":"53d9707ca1049f4a1a2831bfcf06ed63a349495b","isMergeCommit":false,"messageTitle":"Update gradle.yml","messageBody":"Remove redirection tests","fileTypesAndContributionMap":{"yml":{"insertions":0,"deletions":16}}}]},{"date":"2025-02-13T00:00:00","commitResults":[{"hash":"661539aca72f11e213a867436592df13787fbac0","isMergeCommit":false,"messageTitle":"Implement natty time parser for natural language parsing","messageBody":"","fileTypesAndContributionMap":{"gradle":{"insertions":1,"deletions":0},"java":{"insertions":12,"deletions":87}}},{"hash":"fc07ae0fe762ad90c91023ef6675a256173f0519","isMergeCommit":true,"messageTitle":"Merge branch \u0027branch-BCD-Extension\u0027","messageBody":"","tags":["BCD-Extension"],"fileTypesAndContributionMap":{}},{"hash":"f7290c3b0522ae6211452cef7d4a47af257d7fef","isMergeCommit":false,"messageTitle":"Set conditions to return null for invalid dates","messageBody":"","fileTypesAndContributionMap":{"java":{"insertions":11,"deletions":1}}},{"hash":"dd56eb82b56a7250f0bd65c33be9a80fe05f5be6","isMergeCommit":false,"messageTitle":"Update ParserTest with more relevant tests","messageBody":"The use of natty allows for more date formats, and tries to parse dates with missing info,\nand will not return null in many cases.\n\nLet\u0027s update the test to include confirmed cases where natty would not be able to parse the date.\n","fileTypesAndContributionMap":{"java":{"insertions":4,"deletions":14}}},{"hash":"cb39536885835d04953ef9cbf85085fed96ff269","isMergeCommit":false,"messageTitle":"Clean up unused imports","messageBody":"","fileTypesAndContributionMap":{"java":{"insertions":0,"deletions":2}}},{"hash":"0ef4201f03f442542cd42f1c7ce57a17d5e65f47","isMergeCommit":false,"messageTitle":"Update indentation","messageBody":"","fileTypesAndContributionMap":{"java":{"insertions":1,"deletions":1}}}]},{"date":"2025-02-17T00:00:00","commitResults":[{"hash":"0f4f563067ee6598a05d2160adb5f0467e467573","isMergeCommit":false,"messageTitle":"Change boolean variable name to fit convention","messageBody":"","fileTypesAndContributionMap":{"java":{"insertions":3,"deletions":3}}},{"hash":"465055caa119a3d328b277c25074c98c42ea70f4","isMergeCommit":false,"messageTitle":"Add credits for AI use","messageBody":"","fileTypesAndContributionMap":{"java":{"insertions":2,"deletions":0}}},{"hash":"598358bd202e5b23b5ab7e4409d6bf15b14cc938","isMergeCommit":false,"messageTitle":"Improve Javadocs","messageBody":"","fileTypesAndContributionMap":{"java":{"insertions":1,"deletions":1}}},{"hash":"0d2d2e902fd4364e00d1f468bf2651ca528c7eeb","isMergeCommit":false,"messageTitle":"Set program title","messageBody":"","fileTypesAndContributionMap":{"java":{"insertions":1,"deletions":0}}},{"hash":"a5bd124a03a71df7ee3ca71a96b6aa3091e8147c","isMergeCommit":false,"messageTitle":"Add UI screenshot","messageBody":"","fileTypesAndContributionMap":{}},{"hash":"82a030c7ed6e060b2cde7deb649f7f441eb16410","isMergeCommit":false,"messageTitle":"Update README.md","messageBody":"","fileTypesAndContributionMap":{"md":{"insertions":149,"deletions":14}}},{"hash":"b2f7f8afeb19126211fc06177123ce9bb807f2ee","isMergeCommit":false,"messageTitle":"Update README.md","messageBody":"","fileTypesAndContributionMap":{"md":{"insertions":3,"deletions":2}}},{"hash":"d361e5b32fc8fce9cdc0c69214ba96b23d3f94ee","isMergeCommit":false,"messageTitle":"Update README.md","messageBody":"","fileTypesAndContributionMap":{"md":{"insertions":2,"deletions":1}}},{"hash":"9e54e5bc0b522556b6862e12e6e1fe7593f79796","isMergeCommit":false,"messageTitle":"Update README.md","messageBody":"","fileTypesAndContributionMap":{"md":{"insertions":1,"deletions":0}}},{"hash":"f87ee41e0363b4e9677aeb5b63785eb03f7e4693","isMergeCommit":false,"messageTitle":"Update README.md","messageBody":"","fileTypesAndContributionMap":{"md":{"insertions":1,"deletions":0}}},{"hash":"de6e020f73916fbf9fca26736017744e145fbc79","isMergeCommit":false,"messageTitle":"Update README.md","messageBody":"","tags":["A-UserGuide"],"fileTypesAndContributionMap":{"md":{"insertions":9,"deletions":5}}},{"hash":"3f8523aa4b98ddd15964abc66dcc73f01cff4026","isMergeCommit":false,"messageTitle":"Update README.md","messageBody":"","tags":["A-Release"],"fileTypesAndContributionMap":{"md":{"insertions":2,"deletions":0}}},{"hash":"26a103306f45d9a0c3ce26768ec7da4e854205c3","isMergeCommit":false,"messageTitle":"Update README.md","messageBody":"","fileTypesAndContributionMap":{"md":{"insertions":175,"deletions":26}}}]},{"date":"2025-02-21T00:00:00","commitResults":[{"hash":"b6467064d5b3eeda853370887d8b47951f7f4931","isMergeCommit":false,"messageTitle":"Improve crop of Ui","messageBody":"","fileTypesAndContributionMap":{}},{"hash":"b015b5426a7886190e9af12a4fb884a4a536de8c","isMergeCommit":true,"messageTitle":"Merge branch \u0027master\u0027 of https://github.com/gekjunxu/ip","messageBody":"","fileTypesAndContributionMap":{}}]},{"date":"2025-03-11T00:00:00","commitResults":[{"hash":"7e7d9b9f74b5972ee70875431b859a998096deee","isMergeCommit":false,"messageTitle":"Fix typo","messageBody":"","tags":["Fix-typo"],"fileTypesAndContributionMap":{"java":{"insertions":4,"deletions":4}}}]}]},"authorFileTypeContributionMap":{"gekjunxu":{"yml":34,"md":324,"gradle":26,"xml":444,"java":1323,"css":72,"fxml":44}},"authorContributionVariance":{"gekjunxu":35544.277},"authorDisplayNameMap":{"gekjunxu":"gekjunxu"}}
